SET IDENTITY_INSERT [dbo].[Sach] ON 
INSERT [dbo].[Sach] ([Id], [IdNXB], [TenSach], [TacGia], [LinhVuc], [GiaBan], [GiaNhap], [TrangThai]) VALUES (100000, 1000, N'The Diary of a Young Girl', N'Anne Frank', N'Ngôn tình, tiểu thuyết', 20000, 15000, 1)
INSERT [dbo].[Sach] ([Id], [IdNXB], [TenSach], [TacGia], [LinhVuc], [GiaBan], [GiaNhap], [TrangThai]) VALUES (100001, 1000, N'The Poisonwood Bible: A Novel', N'Barbara Kingsolver', N'Triết lý, đời sống', 25000, 20000, 1)
INSERT [dbo].[Sach] ([Id], [IdNXB], [TenSach], [TacGia], [LinhVuc], [GiaBan], [GiaNhap], [TrangThai]) VALUES (100002, 1000, N'A Heartbreaking Work of Staggering Genius', N'Dave Eggers', N'Đời sống, nhân văn', 30000, 25000, 1)
INSERT [dbo].[Sach] ([Id], [IdNXB], [TenSach], [TacGia], [LinhVuc], [GiaBan], [GiaNhap], [TrangThai]) VALUES (100003, 1001, N'The Grand Design', N'Stephen Hawking', N'Thiết kế', 30000, 25000, 1)
INSERT [dbo].[Sach] ([Id], [IdNXB], [TenSach], [TacGia], [LinhVuc], [GiaBan], [GiaNhap], [TrangThai]) VALUES (100004, 1001, N'The Very Hungry Caterpillar', N'Eric Carle', N'Triết học, xã hội', 15000, 10000, 1)
INSERT [dbo].[Sach] ([Id], [IdNXB], [TenSach], [TacGia], [LinhVuc], [GiaBan], [GiaNhap], [TrangThai]) VALUES (100005, 1001, N'Breath, Eyes, Memory (Oprah''s Book Club)', N'Edwidge Danticat', N'Đời sống, xã hội', 20000, 15000, 1)
INSERT [dbo].[Sach] ([Id], [IdNXB], [TenSach], [TacGia], [LinhVuc], [GiaBan], [GiaNhap], [TrangThai]) VALUES (100006, 1001, N'The Sun Also Rises', N'Ernest Hemingway', N'Ngôn tình, tiểu thuyết', 30000, 20000, 1)
INSERT [dbo].[Sach] ([Id], [IdNXB], [TenSach], [TacGia], [LinhVuc], [GiaBan], [GiaNhap], [TrangThai]) VALUES (100007, 1002, N'In the Garden of Beasts: Love, Terror, and an American Family in Hitler''s Berlin', N'Erik Larson', N'Ngôn tình', 25000, 20000, 1)
INSERT [dbo].[Sach] ([Id], [IdNXB], [TenSach], [TacGia], [LinhVuc], [GiaBan], [GiaNhap], [TrangThai]) VALUES (100008, 1002, N'Dead Wake: The Last Crossing of the Lusitania', N'Erik Larson', N'Tiểu thuyết', 15000, 10000, 1)
INSERT [dbo].[Sach] ([Id], [IdNXB], [TenSach], [TacGia], [LinhVuc], [GiaBan], [GiaNhap], [TrangThai]) VALUES (100009, 1003, N'Dr. Potter''s Medicine Show', N'Eric Scott Fischl', N'Khoa học, xã hội', 15000, 10000, 1)
INSERT [dbo].[Sach] ([Id], [IdNXB], [TenSach], [TacGia], [LinhVuc], [GiaBan], [GiaNhap], [TrangThai]) VALUES (100010, 1003, N'Angela''s Ashes: A Memoir', N'Frank McCourt', N'Tiểu thuyết', 20000, 15000, 1)
INSERT [dbo].[Sach] ([Id], [IdNXB], [TenSach], [TacGia], [LinhVuc], [GiaBan], [GiaNhap], [TrangThai]) VALUES (100011, 1004, N'To Kill a Mockingbird', N'Harper Lee', N'Đời sống, xã hội', 15000, 10000, 1)
INSERT [dbo].[Sach] ([Id], [IdNXB], [TenSach], [TacGia], [LinhVuc], [GiaBan], [GiaNhap], [TrangThai]) VALUES (100012, 1004, N'Harry Potter and the Sorcerer''s Stone', N'J.K. Rowling, Mary GrandPré', N'Tiểu thuyết', 30000, 25000, 1)
INSERT [dbo].[Sach] ([Id], [IdNXB], [TenSach], [TacGia], [LinhVuc], [GiaBan], [GiaNhap], [TrangThai]) VALUES (100013, 1004, N'Harry Potter And The Prisoner Of Azkaban: Illustrated Edition', N'J.K. Rowling, Mary GrandPré', N'Tiểu thuyết', 20000, 15000, 1)
INSERT [dbo].[Sach] ([Id], [IdNXB], [TenSach], [TacGia], [LinhVuc], [GiaBan], [GiaNhap], [TrangThai]) VALUES (100014, 1005, N'Guns, Germs, and Steel: The Fates of Human...', N'Jared Diamond', N'Tiểu thuyết', 25000, 20000, 1)
INSERT [dbo].[Sach] ([Id], [IdNXB], [TenSach], [TacGia], [LinhVuc], [GiaBan], [GiaNhap], [TrangThai]) VALUES (100015, 1005, N'The Lord of the Rings', N'J.R.R. Tolkien', N'Tiểu thuyết', 30000, 25000, 1)
INSERT [dbo].[Sach] ([Id], [IdNXB], [TenSach], [TacGia], [LinhVuc], [GiaBan], [GiaNhap], [TrangThai]) VALUES (100016, 1005, N'Life After Life: A Novel', N'Kate Atkinson', N'Đời sống, nhân văn', 20000, 15000, 1)
INSERT [dbo].[Sach] ([Id], [IdNXB], [TenSach], [TacGia], [LinhVuc], [GiaBan], [GiaNhap], [TrangThai]) VALUES (100017, 1006, N'Alice''s Adventures in Wonderland & Through the Looking', N'Lewis Carroll', N'Cổ tích, truyện tranh', 25000, 20000, 1)
INSERT [dbo].[Sach] ([Id], [IdNXB], [TenSach], [TacGia], [LinhVuc], [GiaBan], [GiaNhap], [TrangThai]) VALUES (100018, 1006, N'Little House on the Prairie (Full Color)', N'Laura Ingalls Wilder, Garth Williams', N'Cổ tích', 15000, 10000, 1)
INSERT [dbo].[Sach] ([Id], [IdNXB], [TenSach], [TacGia], [LinhVuc], [GiaBan], [GiaNhap], [TrangThai]) VALUES (100019, 1007, N'Lolita', N'Vladimir Nabokov, Friederike Poziemski', N'Khoa học', 15000, 10000, 1)
INSERT [dbo].[Sach] ([Id], [IdNXB], [TenSach], [TacGia], [LinhVuc], [GiaBan], [GiaNhap], [TrangThai]) VALUES (100020, 1007, N'1984 (Signet Classics)', N'George Orwell, Erich Fromm', N'Tiểu thuyết', 15000, 10000, 1)
INSERT [dbo].[Sach] ([Id], [IdNXB], [TenSach], [TacGia], [LinhVuc], [GiaBan], [GiaNhap], [TrangThai]) VALUES (100021, 1008, N'A Brief History of Time', N'Stephen Hawking', N'Tiểu thuyết', 20000, 15000, 1)
INSERT [dbo].[Sach] ([Id], [IdNXB], [TenSach], [TacGia], [LinhVuc], [GiaBan], [GiaNhap], [TrangThai]) VALUES (100022, 1008, N'In Cold Blood', N'Truman Capote', N'Ngôn tình, tiểu thuyết', 30000, 25000, 1)
INSERT [dbo].[Sach] ([Id], [IdNXB], [TenSach], [TacGia], [LinhVuc], [GiaBan], [GiaNhap], [TrangThai]) VALUES (100023, 1009, N'The Things They Carried', N'Tim O''Brien', N'Đời sống, xã hội', 25000, 20000, 1)
INSERT [dbo].[Sach] ([Id], [IdNXB], [TenSach], [TacGia], [LinhVuc], [GiaBan], [GiaNhap], [TrangThai]) VALUES (100024, 1009, N'The Right Stuff', N'Tom Wolfe', N'Khoa học, công nghệ', 20000, 15000, 1)
SET IDENTITY_INSERT [dbo].[Sach] OFF

SET IDENTITY_INSERT [dbo].[DaiLy] ON 
INSERT [dbo].[DaiLy] ([Id], [TenDaiLy], [SoDienThoai], [DiaChi], [TrangThai]) VALUES (1000, N'Đại Lý Sách Diễm Khánh', N'0903922602', N'176 Phan Văn Hùm, 14, Hồ Chí Minh', 1)
INSERT [dbo].[DaiLy] ([Id], [TenDaiLy], [SoDienThoai], [DiaChi], [TrangThai]) VALUES (1001, N'Đại lý Hoàng Oanh', N'0902998695', N'51/4 Đường CMT8 (Cũ), KP. Đông Tư, P. Lái Thiêu, Thuận An, Bình Dương', 1)
INSERT [dbo].[DaiLy] ([Id], [TenDaiLy], [SoDienThoai], [DiaChi], [TrangThai]) VALUES (1002, N'Đại Lý Sách Giáo Khoa Số 8', N'0838351637', N'367, Đường Trần Bình Trọng, Phường 1, Quận 10, TP Hồ Chí Minh', 1)
INSERT [dbo].[DaiLy] ([Id], [TenDaiLy], [SoDienThoai], [DiaChi], [TrangThai]) VALUES (1003, N'Đại lý Liên Nguyễn', N'0986452664', N'57 Ngõ 67, Phố Thái Thịnh, Quận Đống Đa, Tp. Hà Nội', 1)
INSERT [dbo].[DaiLy] ([Id], [TenDaiLy], [SoDienThoai], [DiaChi], [TrangThai]) VALUES (1004, N'Đại lý Tường Linh', N'0968697268', N'Số 11, Đường số 657, ấp Bàu Điều, Xã Phước Thạnh, Huyện Củ Chi, Tp.Hồ Chí Minh', 1)
SET IDENTITY_INSERT [dbo].[DaiLy] OFF

SET IDENTITY_INSERT [dbo].[NhaXuatBan] ON 
INSERT [dbo].[NhaXuatBan] ([Id], [TenNXB], [SoDienThoai], [SoTaiKhoan], [DiaChi], [TrangThai]) VALUES (1000, N'Công ty TNHH Bình Phúc', N'0262717476', N'0120561862', N'I5 Châu Thới, P. 15, Q. 10, Tp. Hồ Chí Minh (TPHCM)', 1)
INSERT [dbo].[NhaXuatBan] ([Id], [TenNXB], [SoDienThoai], [SoTaiKhoan], [DiaChi], [TrangThai]) VALUES (1001, N'Công ty Cổ Phần Phát Hành Sách Tp. HCM', N'0138225798', N'1234567890', N'60-62 Lê Lợi, P. Bến Nghé, Q. 1, Tp. Hồ Chí Minh (TPHCM)', 1)
INSERT [dbo].[NhaXuatBan] ([Id], [TenNXB], [SoDienThoai], [SoTaiKhoan], [DiaChi], [TrangThai]) VALUES (1002, N'Công ty NXB Kim Đồng', N'0239303832', N'1147531611', N'268 Nguyễn Đình Chiểu, P. 6, Q. 3, Tp. Hồ Chí Minh (TPHCM)', 1)
INSERT [dbo].[NhaXuatBan] ([Id], [TenNXB], [SoDienThoai], [SoTaiKhoan], [DiaChi], [TrangThai]) VALUES (1003, N'Công ty Cổ Phần Sách-Niên Giám Việt Nam', N'0238420899', N'5418621218', N'304/87-89-91 Đào Duy Anh, P. 9, Q. Phú Nhuận, Tp. Hồ Chí Minh (TPHCM)', 1)
INSERT [dbo].[NhaXuatBan] ([Id], [TenNXB], [SoDienThoai], [SoTaiKhoan], [DiaChi], [TrangThai]) VALUES (1004, N'Công ty TNHH MTV Nhà Xuất Bản Nông Nghiệp', N'0238297157', N'6548965120', N'58 Nguyễn Bỉnh Khiêm, Quận 1, Tp. Hồ Chí Minh (TPHCM)', 1)
INSERT [dbo].[NhaXuatBan] ([Id], [TenNXB], [SoDienThoai], [SoTaiKhoan], [DiaChi], [TrangThai]) VALUES (1005, N'Công ty Cổ Phần Đầu Tư & Phát Triển Giáo Dục Phương Nam', N'0238305002', N'1532121805', N'231 Nguyễn Văn Cừ, P. 4, Q. 5, Tp. Hồ Chí Minh (TPHCM)', 1)
INSERT [dbo].[NhaXuatBan] ([Id], [TenNXB], [SoDienThoai], [SoTaiKhoan], [DiaChi], [TrangThai]) VALUES (1006, N'Công ty NXB Chính Trị Quốc Gia', N'0238296476', N'0251836218', N'103 Hàm Nghi, P. Nguyễn Thái Bình, Q. 1, Tp. Hồ Chí Minh (TPHCM)', 1)
INSERT [dbo].[NhaXuatBan] ([Id], [TenNXB], [SoDienThoai], [SoTaiKhoan], [DiaChi], [TrangThai]) VALUES (1007, N'Công ty Cổ Phần Sách Báo Quốc Văn', N'0918009103', N'9876543210', N'295/11A Nơ Trang Long, P. 13, Q. Bình Thạnh, Tp. Hồ Chí Minh ', 1)
INSERT [dbo].[NhaXuatBan] ([Id], [TenNXB], [SoDienThoai], [SoTaiKhoan], [DiaChi], [TrangThai]) VALUES (1008, N'Công ty CP Truyền Thông Thương Mại Dịch Vụ Bầu Trời Xanh', N'0286256512', N'1234865218', N'73 Đông Hưng Thuận 5, P. Tân Hưng Thuận, Q. 12, Tp. Hồ Chí Minh (TPHCM)', 1)
INSERT [dbo].[NhaXuatBan] ([Id], [TenNXB], [SoDienThoai], [SoTaiKhoan], [DiaChi], [TrangThai]) VALUES (1009, N'Công ty Cổ Phần Dịch Vụ Vững Tiến', N'0283822965', N'5210534188', N'135A Pasteur, P. 6, Q. 3, Tp. Hồ Chí Minh (TPHCM)', 1)
SET IDENTITY_INSERT [dbo].[NhaXuatBan] OFF

SET IDENTITY_INSERT [dbo].[TinhTrang] ON 
INSERT [dbo].[TinhTrang] ([Id], [MoTa]) VALUES (1, N'Đã báo cáo')
INSERT [dbo].[TinhTrang] ([Id], [MoTa]) VALUES (2, N'Đã thanh toán')
INSERT [dbo].[TinhTrang] ([Id], [MoTa]) VALUES (3, N'Đã hủy')
SET IDENTITY_INSERT [dbo].[TinhTrang] OFF

SET IDENTITY_INSERT [dbo].[PhieuNhap] ON 
INSERT [dbo].[PhieuNhap] ([Id], [IdNXB], [NguoiGiao], [TongSoLuong], [TongTien], [ThoiGianNhap], [TrangThai]) VALUES (100001, 1000, N'Nguyễn Văn A', 300, 6000000, CAST(N'2017-09-01T00:00:00.000' AS DateTime), 1)
INSERT [dbo].[PhieuNhap] ([Id], [IdNXB], [NguoiGiao], [TongSoLuong], [TongTien], [ThoiGianNhap], [TrangThai]) VALUES (100002, 1001, N'Trần Văn B', 400, 7000000, CAST(N'2017-09-01T00:00:00.000' AS DateTime), 1)
INSERT [dbo].[PhieuNhap] ([Id], [IdNXB], [NguoiGiao], [TongSoLuong], [TongTien], [ThoiGianNhap], [TrangThai]) VALUES (100003, 1000, N'Nguyễn Văn A', 300, 6000000, CAST(N'2017-09-15T00:00:00.000' AS DateTime), 1)
INSERT [dbo].[PhieuNhap] ([Id], [IdNXB], [NguoiGiao], [TongSoLuong], [TongTien], [ThoiGianNhap], [TrangThai]) VALUES (100004, 1001, N'Trần Văn B', 400, 7000000, CAST(N'2017-09-15T00:00:00.000' AS DateTime), 1)
INSERT [dbo].[PhieuNhap] ([Id], [IdNXB], [NguoiGiao], [TongSoLuong], [TongTien], [ThoiGianNhap], [TrangThai]) VALUES (100005, 1000, N'Nguyễn Văn A', 150, 3000000, CAST(N'2017-10-02T00:00:00.000' AS DateTime), 1)
SET IDENTITY_INSERT [dbo].[PhieuNhap] OFF

SET IDENTITY_INSERT [dbo].[CtPhieuNhap] ON 
INSERT [dbo].[CtPhieuNhap] ([Id], [IdPhieuNhap], [IdSach], [SoLuongNhap], [DonGiaNhap], [ThanhTien]) VALUES (1, 100001, 100000, 100, 15000, 1500000)
INSERT [dbo].[CtPhieuNhap] ([Id], [IdPhieuNhap], [IdSach], [SoLuongNhap], [DonGiaNhap], [ThanhTien]) VALUES (2, 100001, 100001, 100, 20000, 2000000)
INSERT [dbo].[CtPhieuNhap] ([Id], [IdPhieuNhap], [IdSach], [SoLuongNhap], [DonGiaNhap], [ThanhTien]) VALUES (3, 100001, 100002, 100, 25000, 2500000)
INSERT [dbo].[CtPhieuNhap] ([Id], [IdPhieuNhap], [IdSach], [SoLuongNhap], [DonGiaNhap], [ThanhTien]) VALUES (4, 100002, 100003, 100, 25000, 2500000)
INSERT [dbo].[CtPhieuNhap] ([Id], [IdPhieuNhap], [IdSach], [SoLuongNhap], [DonGiaNhap], [ThanhTien]) VALUES (5, 100002, 100004, 100, 10000, 1000000)
INSERT [dbo].[CtPhieuNhap] ([Id], [IdPhieuNhap], [IdSach], [SoLuongNhap], [DonGiaNhap], [ThanhTien]) VALUES (6, 100002, 100005, 100, 15000, 1500000)
INSERT [dbo].[CtPhieuNhap] ([Id], [IdPhieuNhap], [IdSach], [SoLuongNhap], [DonGiaNhap], [ThanhTien]) VALUES (7, 100002, 100006, 100, 20000, 2000000)
INSERT [dbo].[CtPhieuNhap] ([Id], [IdPhieuNhap], [IdSach], [SoLuongNhap], [DonGiaNhap], [ThanhTien]) VALUES (8, 100003, 100000, 100, 15000, 1500000)
INSERT [dbo].[CtPhieuNhap] ([Id], [IdPhieuNhap], [IdSach], [SoLuongNhap], [DonGiaNhap], [ThanhTien]) VALUES (9, 100003, 100001, 100, 20000, 2000000)
INSERT [dbo].[CtPhieuNhap] ([Id], [IdPhieuNhap], [IdSach], [SoLuongNhap], [DonGiaNhap], [ThanhTien]) VALUES (10, 100003, 100002, 100, 25000, 2500000)
INSERT [dbo].[CtPhieuNhap] ([Id], [IdPhieuNhap], [IdSach], [SoLuongNhap], [DonGiaNhap], [ThanhTien]) VALUES (11, 100004, 100003, 100, 25000, 2500000)
INSERT [dbo].[CtPhieuNhap] ([Id], [IdPhieuNhap], [IdSach], [SoLuongNhap], [DonGiaNhap], [ThanhTien]) VALUES (12, 100004, 100004, 100, 10000, 1000000)
INSERT [dbo].[CtPhieuNhap] ([Id], [IdPhieuNhap], [IdSach], [SoLuongNhap], [DonGiaNhap], [ThanhTien]) VALUES (13, 100004, 100005, 100, 15000, 1500000)
INSERT [dbo].[CtPhieuNhap] ([Id], [IdPhieuNhap], [IdSach], [SoLuongNhap], [DonGiaNhap], [ThanhTien]) VALUES (14, 100004, 100006, 100, 20000, 2000000)
INSERT [dbo].[CtPhieuNhap] ([Id], [IdPhieuNhap], [IdSach], [SoLuongNhap], [DonGiaNhap], [ThanhTien]) VALUES (15, 100005, 100000, 50, 15000, 750000)
INSERT [dbo].[CtPhieuNhap] ([Id], [IdPhieuNhap], [IdSach], [SoLuongNhap], [DonGiaNhap], [ThanhTien]) VALUES (16, 100005, 100001, 50, 20000, 1000000)
INSERT [dbo].[CtPhieuNhap] ([Id], [IdPhieuNhap], [IdSach], [SoLuongNhap], [DonGiaNhap], [ThanhTien]) VALUES (17, 100005, 100002, 50, 25000, 1250000)
SET IDENTITY_INSERT [dbo].[CtPhieuNhap] OFF

SET IDENTITY_INSERT [dbo].[PhieuXuat] ON 
INSERT [dbo].[PhieuXuat] ([Id], [IdDaiLy], [NguoiNhan], [TongSoLuong], [TongTien], [ThoiGianXuat], [TrangThai]) VALUES (100001, 1000, N'Lê Văn C', 150, 3750000, CAST(N'2017-09-04T00:00:00.000' AS DateTime), 1)
INSERT [dbo].[PhieuXuat] ([Id], [IdDaiLy], [NguoiNhan], [TongSoLuong], [TongTien], [ThoiGianXuat], [TrangThai]) VALUES (100002, 1001, N'Lý Thị D', 130, 3250000, CAST(N'2017-09-07T00:00:00.000' AS DateTime), 1)
INSERT [dbo].[PhieuXuat] ([Id], [IdDaiLy], [NguoiNhan], [TongSoLuong], [TongTien], [ThoiGianXuat], [TrangThai]) VALUES (100003, 1002, N'Nguyễn Thế H', 130, 3000000, CAST(N'2017-09-11T00:00:00.000' AS DateTime), 1)
INSERT [dbo].[PhieuXuat] ([Id], [IdDaiLy], [NguoiNhan], [TongSoLuong], [TongTien], [ThoiGianXuat], [TrangThai]) VALUES (100004, 1003, N'Phương Thị E', 80, 1950000, CAST(N'2017-09-18T00:00:00.000' AS DateTime), 1)
INSERT [dbo].[PhieuXuat] ([Id], [IdDaiLy], [NguoiNhan], [TongSoLuong], [TongTien], [ThoiGianXuat], [TrangThai]) VALUES (100005, 1000, N'Huỳnh Mẫn T', 60, 1300000, CAST(N'2017-09-26T00:00:00.000' AS DateTime), 1)
INSERT [dbo].[PhieuXuat] ([Id], [IdDaiLy], [NguoiNhan], [TongSoLuong], [TongTien], [ThoiGianXuat], [TrangThai]) VALUES (100006, 1001, N'Hoàng Thị C', 180, 4650000, CAST(N'2017-09-20T00:00:00.000' AS DateTime), 1)
INSERT [dbo].[PhieuXuat] ([Id], [IdDaiLy], [NguoiNhan], [TongSoLuong], [TongTien], [ThoiGianXuat], [TrangThai]) VALUES (100007, 1003, N'Lê Thị M', 130, 3450000, CAST(N'2017-09-25T00:00:00.000' AS DateTime), 1)
INSERT [dbo].[PhieuXuat] ([Id], [IdDaiLy], [NguoiNhan], [TongSoLuong], [TongTien], [ThoiGianXuat], [TrangThai]) VALUES (100008, 1004, N'Nguyễn Mạnh K', 130, 3250000, CAST(N'2017-09-29T00:00:00.000' AS DateTime), 1)
INSERT [dbo].[PhieuXuat] ([Id], [IdDaiLy], [NguoiNhan], [TongSoLuong], [TongTien], [ThoiGianXuat], [TrangThai]) VALUES (100009, 1001, N'Lê Văn C', 110, 2175000, CAST(N'2017-10-05T00:00:00.000' AS DateTime), 1)
INSERT [dbo].[PhieuXuat] ([Id], [IdDaiLy], [NguoiNhan], [TongSoLuong], [TongTien], [ThoiGianXuat], [TrangThai]) VALUES (100010, 1004, N'Nguyễn Mạnh K', 90, 2200000, CAST(N'2017-10-09T00:00:00.000' AS DateTime), 1)
SET IDENTITY_INSERT [dbo].[PhieuXuat] OFF

SET IDENTITY_INSERT [dbo].[CtPhieuXuat] ON 
INSERT [dbo].[CtPhieuXuat] ([Id], [IdPhieuXuat], [IdSach], [SoLuongXuat], [DonGiaXuat], [ThanhTien]) VALUES (1, 100001, 100000, 50, 20000, 1000000)
INSERT [dbo].[CtPhieuXuat] ([Id], [IdPhieuXuat], [IdSach], [SoLuongXuat], [DonGiaXuat], [ThanhTien]) VALUES (2, 100001, 100003, 50, 30000, 1500000)
INSERT [dbo].[CtPhieuXuat] ([Id], [IdPhieuXuat], [IdSach], [SoLuongXuat], [DonGiaXuat], [ThanhTien]) VALUES (3, 100001, 100001, 50, 25000, 1250000)
INSERT [dbo].[CtPhieuXuat] ([Id], [IdPhieuXuat], [IdSach], [SoLuongXuat], [DonGiaXuat], [ThanhTien]) VALUES (4, 100002, 100001, 30, 25000, 750000)
INSERT [dbo].[CtPhieuXuat] ([Id], [IdPhieuXuat], [IdSach], [SoLuongXuat], [DonGiaXuat], [ThanhTien]) VALUES (5, 100002, 100006, 50, 30000, 1500000)
INSERT [dbo].[CtPhieuXuat] ([Id], [IdPhieuXuat], [IdSach], [SoLuongXuat], [DonGiaXuat], [ThanhTien]) VALUES (6, 100002, 100005, 50, 20000, 1000000)
INSERT [dbo].[CtPhieuXuat] ([Id], [IdPhieuXuat], [IdSach], [SoLuongXuat], [DonGiaXuat], [ThanhTien]) VALUES (7, 100003, 100005, 30, 20000, 600000)
INSERT [dbo].[CtPhieuXuat] ([Id], [IdPhieuXuat], [IdSach], [SoLuongXuat], [DonGiaXuat], [ThanhTien]) VALUES (8, 100003, 100000, 50, 20000, 1000000)
INSERT [dbo].[CtPhieuXuat] ([Id], [IdPhieuXuat], [IdSach], [SoLuongXuat], [DonGiaXuat], [ThanhTien]) VALUES (9, 100003, 100001, 20, 25000, 500000)
INSERT [dbo].[CtPhieuXuat] ([Id], [IdPhieuXuat], [IdSach], [SoLuongXuat], [DonGiaXuat], [ThanhTien]) VALUES (10, 100003, 100003, 30, 30000, 900000)
INSERT [dbo].[CtPhieuXuat] ([Id], [IdPhieuXuat], [IdSach], [SoLuongXuat], [DonGiaXuat], [ThanhTien]) VALUES (11, 100004, 100003, 20, 30000, 600000)
INSERT [dbo].[CtPhieuXuat] ([Id], [IdPhieuXuat], [IdSach], [SoLuongXuat], [DonGiaXuat], [ThanhTien]) VALUES (12, 100004, 100004, 30, 15000, 450000)
INSERT [dbo].[CtPhieuXuat] ([Id], [IdPhieuXuat], [IdSach], [SoLuongXuat], [DonGiaXuat], [ThanhTien]) VALUES (13, 100004, 100006, 30, 30000, 900000)
INSERT [dbo].[CtPhieuXuat] ([Id], [IdPhieuXuat], [IdSach], [SoLuongXuat], [DonGiaXuat], [ThanhTien]) VALUES (14, 100005, 100005, 20, 20000, 400000)
INSERT [dbo].[CtPhieuXuat] ([Id], [IdPhieuXuat], [IdSach], [SoLuongXuat], [DonGiaXuat], [ThanhTien]) VALUES (15, 100005, 100002, 20, 30000, 600000)
INSERT [dbo].[CtPhieuXuat] ([Id], [IdPhieuXuat], [IdSach], [SoLuongXuat], [DonGiaXuat], [ThanhTien]) VALUES (16, 100005, 100004, 20, 15000, 300000)
INSERT [dbo].[CtPhieuXuat] ([Id], [IdPhieuXuat], [IdSach], [SoLuongXuat], [DonGiaXuat], [ThanhTien]) VALUES (17, 100006, 100004, 50, 15000, 750000)
INSERT [dbo].[CtPhieuXuat] ([Id], [IdPhieuXuat], [IdSach], [SoLuongXuat], [DonGiaXuat], [ThanhTien]) VALUES (18, 100006, 100006, 50, 30000, 1500000)
INSERT [dbo].[CtPhieuXuat] ([Id], [IdPhieuXuat], [IdSach], [SoLuongXuat], [DonGiaXuat], [ThanhTien]) VALUES (19, 100006, 100002, 50, 30000, 1500000)
INSERT [dbo].[CtPhieuXuat] ([Id], [IdPhieuXuat], [IdSach], [SoLuongXuat], [DonGiaXuat], [ThanhTien]) VALUES (20, 100006, 100003, 30, 30000, 900000)
INSERT [dbo].[CtPhieuXuat] ([Id], [IdPhieuXuat], [IdSach], [SoLuongXuat], [DonGiaXuat], [ThanhTien]) VALUES (21, 100007, 100002, 50, 30000, 1500000)
INSERT [dbo].[CtPhieuXuat] ([Id], [IdPhieuXuat], [IdSach], [SoLuongXuat], [DonGiaXuat], [ThanhTien]) VALUES (22, 100007, 100003, 50, 30000, 1500000)
INSERT [dbo].[CtPhieuXuat] ([Id], [IdPhieuXuat], [IdSach], [SoLuongXuat], [DonGiaXuat], [ThanhTien]) VALUES (23, 100007, 100004, 30, 15000, 450000)
INSERT [dbo].[CtPhieuXuat] ([Id], [IdPhieuXuat], [IdSach], [SoLuongXuat], [DonGiaXuat], [ThanhTien]) VALUES (24, 100008, 100002, 30, 30000, 900000)
INSERT [dbo].[CtPhieuXuat] ([Id], [IdPhieuXuat], [IdSach], [SoLuongXuat], [DonGiaXuat], [ThanhTien]) VALUES (25, 100008, 100006, 50, 30000, 1500000)
INSERT [dbo].[CtPhieuXuat] ([Id], [IdPhieuXuat], [IdSach], [SoLuongXuat], [DonGiaXuat], [ThanhTien]) VALUES (26, 100008, 100004, 30, 15000, 450000)
INSERT [dbo].[CtPhieuXuat] ([Id], [IdPhieuXuat], [IdSach], [SoLuongXuat], [DonGiaXuat], [ThanhTien]) VALUES (27, 100008, 100005, 20, 20000, 400000)
INSERT [dbo].[CtPhieuXuat] ([Id], [IdPhieuXuat], [IdSach], [SoLuongXuat], [DonGiaXuat], [ThanhTien]) VALUES (28, 100009, 100000, 35, 20000, 700000)
INSERT [dbo].[CtPhieuXuat] ([Id], [IdPhieuXuat], [IdSach], [SoLuongXuat], [DonGiaXuat], [ThanhTien]) VALUES (29, 100009, 100001, 35, 25000, 875000)
INSERT [dbo].[CtPhieuXuat] ([Id], [IdPhieuXuat], [IdSach], [SoLuongXuat], [DonGiaXuat], [ThanhTien]) VALUES (30, 100009, 100004, 40, 15000, 600000)
INSERT [dbo].[CtPhieuXuat] ([Id], [IdPhieuXuat], [IdSach], [SoLuongXuat], [DonGiaXuat], [ThanhTien]) VALUES (31, 100010, 100003, 20, 30000, 600000)
INSERT [dbo].[CtPhieuXuat] ([Id], [IdPhieuXuat], [IdSach], [SoLuongXuat], [DonGiaXuat], [ThanhTien]) VALUES (32, 100010, 100005, 50, 20000, 1000000)
INSERT [dbo].[CtPhieuXuat] ([Id], [IdPhieuXuat], [IdSach], [SoLuongXuat], [DonGiaXuat], [ThanhTien]) VALUES (33, 100010, 100006, 20, 30000, 600000)
SET IDENTITY_INSERT [dbo].[CtPhieuXuat] OFF

SET IDENTITY_INSERT [dbo].[ThanhToan] ON 
INSERT [dbo].[ThanhToan] ([Id], [IdNXB], [NgayBatDau], [NgayKetThuc], [ThoiGianLapPhieu], [TongTienSachBan], [TongTienConNo], [TongTienThanhToan], [IdTinhTrang], [NgayXacNhan], [TrangThai]) VALUES (100005, 1000, CAST(N'2017-09-01' AS Date), CAST(N'2017-09-30' AS Date), CAST(N'2017-10-01T00:00:00.000' AS DateTime), 7250000, 4750000, 7250000, 2, CAST(N'2017-10-01' AS Date), 1)
INSERT [dbo].[ThanhToan] ([Id], [IdNXB], [NgayBatDau], [NgayKetThuc], [ThoiGianLapPhieu], [TongTienSachBan], [TongTienConNo], [TongTienThanhToan], [IdTinhTrang], [NgayXacNhan], [TrangThai]) VALUES (100006, 1000, CAST(N'2017-10-01' AS Date), CAST(N'2017-10-31' AS Date), CAST(N'2017-11-01T00:00:00.000' AS DateTime), 1225000, 6525000, 1225000, 2, CAST(N'2017-11-01' AS Date), 1)
SET IDENTITY_INSERT [dbo].[ThanhToan] OFF

SET IDENTITY_INSERT [dbo].[CtThanhToan] ON 
INSERT [dbo].[CtThanhToan] ([Id], [IdThanhToan], [IdSach], [DonGiaNhap], [SoLuongNhap], [SoLuongTonDotTruoc], [TongTienNhap], [SoLuongXuat], [TongTienXuat], [SoLuongCon], [TienNo]) VALUES (7, 100005, 100000, 15000, 200, 0, 3000000, 100, 1500000, 100, 1500000)
INSERT [dbo].[CtThanhToan] ([Id], [IdThanhToan], [IdSach], [DonGiaNhap], [SoLuongNhap], [SoLuongTonDotTruoc], [TongTienNhap], [SoLuongXuat], [TongTienXuat], [SoLuongCon], [TienNo]) VALUES (8, 100005, 100001, 20000, 200, 0, 4000000, 100, 2000000, 100, 2000000)
INSERT [dbo].[CtThanhToan] ([Id], [IdThanhToan], [IdSach], [DonGiaNhap], [SoLuongNhap], [SoLuongTonDotTruoc], [TongTienNhap], [SoLuongXuat], [TongTienXuat], [SoLuongCon], [TienNo]) VALUES (9, 100005, 100002, 25000, 200, 0, 5000000, 150, 3750000, 50, 1250000)
INSERT [dbo].[CtThanhToan] ([Id], [IdThanhToan], [IdSach], [DonGiaNhap], [SoLuongNhap], [SoLuongTonDotTruoc], [TongTienNhap], [SoLuongXuat], [TongTienXuat], [SoLuongCon], [TienNo]) VALUES (10, 100006, 100000, 15000, 50, 100, 2250000, 35, 525000, 115, 1725000)
INSERT [dbo].[CtThanhToan] ([Id], [IdThanhToan], [IdSach], [DonGiaNhap], [SoLuongNhap], [SoLuongTonDotTruoc], [TongTienNhap], [SoLuongXuat], [TongTienXuat], [SoLuongCon], [TienNo]) VALUES (11, 100006, 100001, 20000, 50, 100, 3000000, 35, 700000, 115, 2300000)
INSERT [dbo].[CtThanhToan] ([Id], [IdThanhToan], [IdSach], [DonGiaNhap], [SoLuongNhap], [SoLuongTonDotTruoc], [TongTienNhap], [SoLuongXuat], [TongTienXuat], [SoLuongCon], [TienNo]) VALUES (12, 100006, 100002, 25000, 50, 50, 2500000, NULL, NULL, NULL, 2500000)
SET IDENTITY_INSERT [dbo].[CtThanhToan] OFF


